run_id,model,mode,temperature,repeat_penalty,top_p,top_k,min_p,ctx_size,keep,batch_size,ubatch_size,threads,ngl,ctk,ctv,flash_attn,context_shift,poll_level,use_mmap,split_mode,dry_multiplier,frequency_penalty,presence_penalty,token_limit,system_prompt,rouge1,rouge2,rougeL,rougeLsum,avg_prefill_speed,avg_decode_speed,avg_total_speed,runtime_seconds
1,Llama-3.2-1B-Instruct-Q4_0.gguf,CPU,0.4,1.1,1.0,30,0.15,2048,4,512,512,8,0,f16,q8_0,on,1,30,0,none,1.0,0.15,0.2,750,,0.19997329093344696,0.021942343088181,0.12922663263072384,0.13955550202789974,0.00,0.00,55.92,300
2,Llama-3.2-1B-Instruct-Q4_0.gguf,CPU,0.4,1.1,1.0,30,0.15,2048,4,256,256,8,0,f16,q8_0,on,1,30,0,none,1.0,0.15,0.2,750,,0.20562832969600603,0.02302410153241297,0.12784834385085642,0.14217838344643985,0.00,0.00,55.50,306
3,Llama-3.2-1B-Instruct-Q4_0.gguf,CPU,0.4,1.1,1.0,30,0.15,1024,4,256,256,8,0,f16,q8_0,on,1,30,0,none,1.0,0.15,0.2,750,,0.2011557744886484,0.02371623172483061,0.12302953720110629,0.13627296533001768,0.00,0.00,50.63,352
4,Llama-3.2-1B-Instruct-Q4_0.gguf,CPU,0.4,1.2,1.0,30,0.15,2048,4,256,256,8,0,f16,q8_0,on,1,30,0,none,1.0,0.15,0.2,750,,0.19220415856961062,0.017602184088630738,0.11392349630550787,0.12446871245296168,0.00,0.00,50.99,335
5,Llama-3.2-1B-Instruct-Q4_0.gguf,CPU,0.4,1.2,1.0,30,0.15,512,4,512,512,8,0,f16,q8_0,on,1,30,0,none,1.0,0.15,0.2,750,,0.18897974876216417,0.01923502113956202,0.11093190276764484,0.1324930951996492,0.00,0.00,49.78,353
6,Llama-3.2-1B-Instruct-Q4_0.gguf,CPU,0.4,1.2,1.0,30,0.15,1024,4,256,256,8,0,f16,q8_0,on,1,30,0,none,1.0,0.15,0.2,750,,0.18232053612939525,0.01784629075198969,0.10675544651881161,0.12860637228023447,0.00,0.00,49.29,364
7,Llama-3.2-1B-Instruct-Q4_0.gguf,CPU,0.4,1.1,1.0,30,0.15,2048,4,512,512,8,0,f16,q8_0,on,1,30,0,none,1.0,0.15,0.2,750,,0.2041847730548375,0.020512970730781295,0.1251041127663345,0.14345952544418578,0.00,0.00,49.58,370
8,Llama-3.2-1B-Instruct-Q4_0.gguf,CPU,0.4,1.2,1.0,30,0.15,1024,4,128,128,8,0,f16,q8_0,on,1,30,0,none,1.0,0.15,0.2,750,,0.1986164618162935,0.020293980587039406,0.11706455433545737,0.13169124838122948,0.00,0.00,52.17,330
9,Llama-3.2-1B-Instruct-Q4_0.gguf,CPU,0.4,1.1,1.0,30,0.15,512,4,512,512,8,0,f16,q8_0,on,1,30,0,none,1.0,0.15,0.2,750,,0.18264168593560887,0.025232364143064314,0.11627661259208621,0.13768029657674152,0.00,0.00,50.72,374
